Invoice,StockCode,Description,Quantity,InvoiceDate,Price,Customer_ID,Country,revenue
568375,BANK CHARGES,Bank Charges,1,9/26/2011 17:01:00,0.001,13405,United Kingdom,0.001
496222,PADS,PADS TO MATCH ALL CUSHIONS,1,1/29/2010 13:53:00,0.001,13583,United Kingdom,0.001
533528,PADS,PADS TO MATCH ALL CUSHIONS,1,11/17/2010 15:08:00,0.001,15750,United Kingdom,0.001
501176,PADS,PADS TO MATCH ALL CUSHIONS,1,3/15/2010 11:00:00,0.001,14857,United Kingdom,0.001
522766,PADS,PADS TO MATCH ALL CUSHIONS,1,9/16/2010 13:58:00,0.001,15182,United Kingdom,0.001
531433,PADS,PADS TO MATCH ALL CUSHIONS,1,11/8/2010 11:54:00,0.001,13317,United Kingdom,0.001
499056,PADS,PADS TO MATCH ALL CUSHIONS,1,2/24/2010 13:46:00,0.001,13765,United Kingdom,0.001
499399,PADS,PADS TO MATCH ALL CUSHIONS,1,2/26/2010 13:26:00,0.001,14459,United Kingdom,0.001
561226,PADS,PADS TO MATCH ALL CUSHIONS,1,7/26/2011 10:13:00,0.001,15618,United Kingdom,0.001
498562,PADS,PADS TO MATCH ALL CUSHIONS,1,2/21/2010 12:03:00,0.001,15182,United Kingdom,0.001
568200,PADS,PADS TO MATCH ALL CUSHIONS,1,9/25/2011 14:58:00,0.001,16198,United Kingdom,0.001
496473,PADS,PADS TO MATCH ALL CUSHIONS,1,2/1/2010 15:38:00,0.001,17350,United Kingdom,0.001
504332,PADS,PADS TO MATCH ALL CUSHIONS,1,4/12/2010 16:30:00,0.001,12671,Germany,0.001
506303,PADS,PADS TO MATCH ALL CUSHIONS,1,4/29/2010 10:43:00,0.001,14249,United Kingdom,0.001
494914,PADS,PADS TO MATCH ALL CUSHIONS,1,1/19/2010 17:04:00,0.001,16705,United Kingdom,0.001
496643,PADS,PADS TO MATCH ALL CUSHIONS,1,2/3/2010 11:58:00,0.001,13408,United Kingdom,0.001
550193,PADS,PADS TO MATCH ALL CUSHIONS,1,4/15/2011 9:27:00,0.001,13952,United Kingdom,0.001
497935,PADS,PADS TO MATCH ALL CUSHIONS,1,2/15/2010 10:47:00,0.001,13408,United Kingdom,0.001
490279,35015,JACOBS LADDER SMALL,1,12/4/2009 12:37:00,0.06,16891,United Kingdom,0.06
510801,35015,JACOBS LADDER SMALL,1,6/3/2010 17:53:00,0.06,17290,United Kingdom,0.06
523773,35015,JACOBS LADDER SMALL,1,9/24/2010 11:11:00,0.06,17811,United Kingdom,0.06
578757,16216,LETTER SHAPE PENCIL SHARPENER,1,11/25/2011 11:41:00,0.06,12748,United Kingdom,0.06
561894,M,Manual,1,7/31/2011 15:00:00,0.08,14456,United Kingdom,0.08
508629,M,Manual,1,5/17/2010 14:21:00,0.1,13857,United Kingdom,0.1
558198,17038,PORCELAIN BUDAH INCENSE HOLDER,1,6/27/2011 12:49:00,0.1,14104,United Kingdom,0.1
578479,17038,PORCELAIN BUDAH INCENSE HOLDER,1,11/24/2011 12:48:00,0.1,15858,United Kingdom,0.1
559509,17038,PORCELAIN BUDAH INCENSE HOLDER,1,7/8/2011 15:25:00,0.1,15920,United Kingdom,0.1
565426,21403,BLUE EGG  SPOON,1,9/4/2011 12:41:00,0.12,12851,United Kingdom,0.12
550651,21401,BLUE PUDDING SPOON,1,4/19/2011 16:52:00,0.12,15436,United Kingdom,0.12
496488,20668,DISCO BALL CHRISTMAS DECORATION,1,2/1/2010 17:16:00,0.12,14606,United Kingdom,0.12
565846,20668,DISCO BALL CHRISTMAS DECORATION,1,9/7/2011 12:41:00,0.12,14606,United Kingdom,0.12
500933,20668,DISCO BALL CHRISTMAS DECORATION,1,3/11/2010 11:45:00,0.12,14606,United Kingdom,0.12
550298,20668,DISCO BALL CHRISTMAS DECORATION,1,4/15/2011 16:11:00,0.12,17346,United Kingdom,0.12
494674,20668,DISCO BALL CHRISTMAS DECORATION,1,1/17/2010 16:01:00,0.12,14606,United Kingdom,0.12
574682,20668,DISCO BALL CHRISTMAS DECORATION,1,11/6/2011 12:44:00,0.12,14963,United Kingdom,0.12
575943,20668,DISCO BALL CHRISTMAS DECORATION,1,11/13/2011 11:44:00,0.12,17920,United Kingdom,0.12
565426,85204,HANGING WOOD AND FELT FLOWER,1,9/4/2011 12:41:00,0.12,12851,United Kingdom,0.12
561036,85204,HANGING WOOD AND FELT FLOWER,1,7/24/2011 11:54:00,0.12,13137,United Kingdom,0.12
564191,85204,HANGING WOOD AND FELT FLOWER,1,8/23/2011 16:16:00,0.12,17315,United Kingdom,0.12
575856,16219,HOUSE SHAPE PENCIL SHARPENER,2,11/11/2011 12:28:00,0.06,16386,United Kingdom,0.12
570983,47518F,ICON PLACEMAT POP ART ELVIS,1,10/13/2011 11:57:00,0.12,14963,United Kingdom,0.12
572291,47518F,ICON PLACEMAT POP ART ELVIS,1,10/23/2011 12:46:00,0.12,16931,United Kingdom,0.12
516843,16033,MINI HIGHLIGHTER PENS,1,7/23/2010 11:32:00,0.12,15867,United Kingdom,0.12
559525,21402,RED  EGG  SPOON,1,7/10/2011 10:30:00,0.12,16923,United Kingdom,0.12
574831,16008,SMALL FOLDING SCISSOR(POINTED EDGE),1,11/7/2011 11:26:00,0.12,15522,United Kingdom,0.12
560359,16008,SMALL FOLDING SCISSOR(POINTED EDGE),1,7/18/2011 11:47:00,0.12,14159,United Kingdom,0.12
571909,16048,TEATIME ROUND PENCIL SHARPENER ,1,10/19/2011 15:08:00,0.12,15006,United Kingdom,0.12
572103,16048,TEATIME ROUND PENCIL SHARPENER ,1,10/20/2011 15:57:00,0.12,17571,United Kingdom,0.12
570238,16048,TEATIME ROUND PENCIL SHARPENER ,1,10/9/2011 15:01:00,0.12,16332,United Kingdom,0.12
577297,16048,TEATIME ROUND PENCIL SHARPENER ,1,11/18/2011 12:48:00,0.12,14593,United Kingdom,0.12
571909,16048,TEATIME ROUND PENCIL SHARPENER ,1,10/19/2011 15:08:00,0.12,15006,United Kingdom,0.12
581310,22422,TOOTHPASTE TUBE PEN,1,12/8/2011 11:43:00,0.12,16442,United Kingdom,0.12
581425,22422,TOOTHPASTE TUBE PEN,1,12/8/2011 15:31:00,0.12,14796,United Kingdom,0.12
580884,22422,TOOTHPASTE TUBE PEN,1,12/6/2011 12:21:00,0.12,15907,United Kingdom,0.12
548711,47013A,WINE BOTTLE DRESSING LT.BLUE,1,4/3/2011 14:24:00,0.12,18116,United Kingdom,0.12
520401,15034,PAPER POCKET TRAVELING FAN ,1,8/25/2010 16:58:00,0.14,16448,United Kingdom,0.14
560868,15034,PAPER POCKET TRAVELING FAN ,1,7/21/2011 14:14:00,0.14,14866,United Kingdom,0.14
522711,15034,PAPER POCKET TRAVELING FAN ,1,9/16/2010 11:40:00,0.14,17348,United Kingdom,0.14
576695,15034,PAPER POCKET TRAVELING FAN ,1,11/16/2011 12:25:00,0.14,16469,United Kingdom,0.14
537196,15034,PAPER POCKET TRAVELING FAN ,1,12/5/2010 13:55:00,0.14,15426,United Kingdom,0.14
537196,15034,PAPER POCKET TRAVELING FAN ,1,12/5/2010 13:55:00,0.14,15426,United Kingdom,0.14
537222,15034,PAPER POCKET TRAVELING FAN ,1,12/5/2010 16:00:00,0.14,14404,United Kingdom,0.14
511481,15034,PAPER POCKET TRAVELING FAN ,1,6/8/2010 14:00:00,0.14,15353,United Kingdom,0.14
517552,15034,PAPER POCKET TRAVELING FAN ,1,7/29/2010 18:49:00,0.14,13969,United Kingdom,0.14
537222,15034,PAPER POCKET TRAVELING FAN ,1,12/5/2010 16:00:00,0.14,14404,United Kingdom,0.14
535590,16218,CARTOON  PENCIL SHARPENERS,1,11/26/2010 16:20:00,0.16,17218,United Kingdom,0.16
515907,16216,LETTER SHAPE PENCIL SHARPENER,1,7/15/2010 13:13:00,0.16,13564,United Kingdom,0.16
578036,M,Manual,2,11/22/2011 14:04:00,0.08,16474,United Kingdom,0.16
535805,18007,ESSENTIAL BALM 3.5g TIN IN ENVELOPE,1,11/28/2010 15:04:00,0.18,15583,United Kingdom,0.18
543535,18007,ESSENTIAL BALM 3.5g TIN IN ENVELOPE,1,2/9/2011 13:37:00,0.18,17537,United Kingdom,0.18
531440,18007,ESSENTIAL BALM 3.5g TIN IN ENVELOPE,1,11/8/2010 12:28:00,0.18,16470,United Kingdom,0.18
537351,18007,ESSENTIAL BALM 3.5g TIN IN ENVELOPE,1,12/6/2010 12:23:00,0.18,16898,United Kingdom,0.18
533755,18007,ESSENTIAL BALM 3.5g TIN IN ENVELOPE,1,11/18/2010 14:25:00,0.18,15571,United Kingdom,0.18
521148,18007,ESSENTIAL BALM 3.5g TIN IN ENVELOPE,1,9/2/2010 13:27:00,0.18,16065,United Kingdom,0.18
513410,18007,ESSENTIAL BALM 3.5g TIN IN ENVELOPE,1,6/24/2010 12:11:00,0.18,15051,United Kingdom,0.18
537351,18007,ESSENTIAL BALM 3.5g TIN IN ENVELOPE,1,12/6/2010 12:23:00,0.18,16898,United Kingdom,0.18
535805,18007,ESSENTIAL BALM 3.5g TIN IN ENVELOPE,1,11/28/2010 15:04:00,0.18,15583,United Kingdom,0.18
533458,18007,ESSENTIAL BALM 3.5g TIN IN ENVELOPE,1,11/17/2010 12:03:00,0.18,16006,United Kingdom,0.18
490494,84206A,3 BLACK CATS W HEARTS BLANK CARD,1,12/6/2009 13:29:00,0.19,17561,United Kingdom,0.19
574682,47420,ASSORTED COLOUR SUCTION CUP HOOK,1,11/6/2011 12:44:00,0.19,14963,United Kingdom,0.19
524322,47420,ASSORTED COLOUR SUCTION CUP HOOK,1,9/28/2010 14:33:00,0.19,16710,United Kingdom,0.19
566033,47420,ASSORTED COLOUR SUCTION CUP HOOK,1,9/8/2011 13:07:00,0.19,16031,United Kingdom,0.19
580523,47420,ASSORTED COLOUR SUCTION CUP HOOK,1,12/4/2011 15:00:00,0.19,17827,United Kingdom,0.19
489824,47420,ASSORTED COLOUR SUCTION CUP HOOK,1,12/2/2009 13:33:00,0.19,16797,United Kingdom,0.19
580523,47420,ASSORTED COLOUR SUCTION CUP HOOK,1,12/4/2011 15:00:00,0.19,17827,United Kingdom,0.19
543273,47420,ASSORTED COLOUR SUCTION CUP HOOK,1,2/6/2011 11:29:00,0.19,16456,United Kingdom,0.19
555560,47420,ASSORTED COLOUR SUCTION CUP HOOK,1,6/5/2011 14:20:00,0.19,17346,United Kingdom,0.19
574682,47420,ASSORTED COLOUR SUCTION CUP HOOK,1,11/6/2011 12:44:00,0.19,14963,United Kingdom,0.19
566033,47420,ASSORTED COLOUR SUCTION CUP HOOK,1,9/8/2011 13:07:00,0.19,16031,United Kingdom,0.19
543273,47420,ASSORTED COLOUR SUCTION CUP HOOK,1,2/6/2011 11:29:00,0.19,16456,United Kingdom,0.19
577511,21650,ASSORTED TUTTI FRUTTI BRACELET,1,11/20/2011 12:53:00,0.19,17561,United Kingdom,0.19
575943,21650,ASSORTED TUTTI FRUTTI BRACELET,1,11/13/2011 11:44:00,0.19,17920,United Kingdom,0.19
564356,21650,ASSORTED TUTTI FRUTTI BRACELET,1,8/24/2011 15:47:00,0.19,13969,United Kingdom,0.19
527065,35607B,BLACK FEATHER CHRISTMAS DECORATION,1,10/14/2010 13:57:00,0.19,17751,United Kingdom,0.19
545690,35607B,BLACK FEATHER CHRISTMAS DECORATION,1,3/6/2011 12:46:00,0.19,13263,United Kingdom,0.19
530085,35607B,BLACK FEATHER CHRISTMAS DECORATION,1,11/1/2010 13:26:00,0.19,17315,United Kingdom,0.19
492659,35633B,BLUE TINSEL GARLAND ,1,12/17/2009 17:54:00,0.19,16720,United Kingdom,0.19
492593,35633B,BLUE TINSEL GARLAND ,1,12/17/2009 15:44:00,0.19,15917,United Kingdom,0.19
574063,85094,CANDY SPOT EGG WARMER RABBIT,1,11/2/2011 14:31:00,0.19,13271,United Kingdom,0.19
574063,85094,CANDY SPOT EGG WARMER RABBIT,1,11/2/2011 14:31:00,0.19,13271,United Kingdom,0.19
490494,84206C,CHAMPAGNE TRAY BLANK CARD,1,12/6/2009 13:29:00,0.19,17561,United Kingdom,0.19
508627,84206C,CHAMPAGNE TRAY BLANK CARD,1,5/17/2010 14:15:00,0.19,16932,United Kingdom,0.19
570230,22339,CHRISTMAS TREE PAINTED ZINC ,1,10/9/2011 13:41:00,0.19,18088,United Kingdom,0.19
570455,22268,DECORATION SITTING BUNNY,1,10/10/2011 15:27:00,0.19,14529,United Kingdom,0.19
570197,22268,DECORATION SITTING BUNNY,1,10/7/2011 15:45:00,0.19,13755,United Kingdom,0.19
573415,22268,DECORATION SITTING BUNNY,1,10/30/2011 16:17:00,0.19,13607,United Kingdom,0.19
580027,22266,EASTER DECORATION HANGING BUNNY,1,12/1/2011 12:01:00,0.19,14178,United Kingdom,0.19
555853,22266,EASTER DECORATION HANGING BUNNY,1,6/7/2011 13:44:00,0.19,14375,United Kingdom,0.19
569546,22266,EASTER DECORATION HANGING BUNNY,1,10/4/2011 16:39:00,0.19,15276,United Kingdom,0.19
579690,22266,EASTER DECORATION HANGING BUNNY,1,11/30/2011 14:03:00,0.19,15060,United Kingdom,0.19
569224,22266,EASTER DECORATION HANGING BUNNY,1,10/2/2011 14:00:00,0.19,15701,United Kingdom,0.19
498578,72232,FENG SHUI PILLAR CANDLE,1,2/21/2010 14:18:00,0.19,13980,United Kingdom,0.19
540647,72232,FENG SHUI PILLAR CANDLE,1,1/10/2011 14:57:00,0.19,17406,United Kingdom,0.19
492176,35271S,GOLD PRINT PAPER BAG,1,12/15/2009 15:21:00,0.19,17841,United Kingdom,0.19
517723,46115B,GREEN POP ART MAO CUSHION COVER ,1,8/1/2010 12:48:00,0.19,14878,United Kingdom,0.19
525856,46115B,GREEN POP ART MAO CUSHION COVER ,1,10/7/2010 13:05:00,0.19,13569,United Kingdom,0.19
517723,84251G,"GREETING CARD, OVERCROWDED POOL.",1,8/1/2010 12:48:00,0.19,14878,United Kingdom,0.19
517723,84251G,"GREETING CARD, OVERCROWDED POOL.",1,8/1/2010 12:48:00,0.19,14878,United Kingdom,0.19
519188,84251G,"GREETING CARD, OVERCROWDED POOL.",1,8/13/2010 16:17:00,0.19,14693,United Kingdom,0.19
517723,84251F,"GREETING CARD, RITA",1,8/1/2010 12:48:00,0.19,14878,United Kingdom,0.19
519188,84251F,"GREETING CARD, RITA",1,8/13/2010 16:17:00,0.19,14693,United Kingdom,0.19
522281,84251F,"GREETING CARD, RITA",1,9/13/2010 12:56:00,0.19,16374,United Kingdom,0.19
568212,84251B,"GREETING CARD, STICKY GORDON",1,9/25/2011 16:05:00,0.19,15154,United Kingdom,0.19
519188,84251B,"GREETING CARD, STICKY GORDON",1,8/13/2010 16:17:00,0.19,14693,United Kingdom,0.19
517723,84251B,"GREETING CARD, STICKY GORDON",1,8/1/2010 12:48:00,0.19,14878,United Kingdom,0.19
519188,84251C,"GREETING CARD, TWO SISTERS.",1,8/13/2010 16:17:00,0.19,14693,United Kingdom,0.19
561112,85194S,HANGING SPRING FLOWER EGG SMALL,1,7/25/2011 11:53:00,0.19,14606,United Kingdom,0.19
520207,84201B,HAPPY BIRTHDAY CARD STRIPEY TEDDY,1,8/24/2010 16:14:00,0.19,15666,United Kingdom,0.19
578781,84201B,HAPPY BIRTHDAY CARD STRIPEY TEDDY,1,11/25/2011 11:54:00,0.19,15872,United Kingdom,0.19
520207,84201C,HAPPY BIRTHDAY CARD TEDDY/CAKE,1,8/24/2010 16:14:00,0.19,15666,United Kingdom,0.19
575059,22161,HEART DECORATION RUSTIC HANGING ,1,11/8/2011 12:25:00,0.19,14071,United Kingdom,0.19
578942,22161,HEART DECORATION RUSTIC HANGING ,1,11/27/2011 13:29:00,0.19,17288,United Kingdom,0.19
571054,22161,HEART DECORATION RUSTIC HANGING ,1,10/13/2011 13:58:00,0.19,14234,United Kingdom,0.19
574716,22161,HEART DECORATION RUSTIC HANGING ,1,11/6/2011 14:33:00,0.19,14502,United Kingdom,0.19
574716,22161,HEART DECORATION RUSTIC HANGING ,1,11/6/2011 14:33:00,0.19,14502,United Kingdom,0.19
571054,22161,HEART DECORATION RUSTIC HANGING ,1,10/13/2011 13:58:00,0.19,14234,United Kingdom,0.19
574686,22161,HEART DECORATION RUSTIC HANGING ,1,11/6/2011 13:00:00,0.19,17608,United Kingdom,0.19
555853,22161,HEART DECORATION RUSTIC HANGING ,1,6/7/2011 13:44:00,0.19,14375,United Kingdom,0.19
571883,22161,HEART DECORATION RUSTIC HANGING ,1,10/19/2011 13:58:00,0.19,14704,United Kingdom,0.19
573359,22161,HEART DECORATION RUSTIC HANGING ,1,10/30/2011 12:48:00,0.19,14178,United Kingdom,0.19
555853,22161,HEART DECORATION RUSTIC HANGING ,1,6/7/2011 13:44:00,0.19,14375,United Kingdom,0.19
576066,22161,HEART DECORATION RUSTIC HANGING ,1,11/13/2011 15:44:00,0.19,16898,United Kingdom,0.19
564962,22161,HEART DECORATION RUSTIC HANGING ,1,8/31/2011 14:35:00,0.19,17777,United Kingdom,0.19
555853,22161,HEART DECORATION RUSTIC HANGING ,1,6/7/2011 13:44:00,0.19,14375,United Kingdom,0.19
558705,21386,IVORY HANGING DECORATION  EGG,1,7/1/2011 12:52:00,0.19,12748,United Kingdom,0.19
575964,21386,IVORY HANGING DECORATION  EGG,1,11/13/2011 12:31:00,0.19,15021,United Kingdom,0.19
571054,21386,IVORY HANGING DECORATION  EGG,1,10/13/2011 13:58:00,0.19,14234,United Kingdom,0.19
564743,20996,JAZZ HEARTS ADDRESS BOOK,1,8/28/2011 15:17:00,0.19,14606,United Kingdom,0.19
566730,20996,JAZZ HEARTS ADDRESS BOOK,1,9/14/2011 13:31:00,0.19,14606,United Kingdom,0.19
572318,20996,JAZZ HEARTS ADDRESS BOOK,1,10/23/2011 16:19:00,0.19,15436,United Kingdom,0.19
575337,20996,JAZZ HEARTS ADDRESS BOOK,1,11/9/2011 14:11:00,0.19,17867,United Kingdom,0.19
581405,20996,JAZZ HEARTS ADDRESS BOOK,1,12/8/2011 13:50:00,0.19,13521,United Kingdom,0.19
556915,20996,JAZZ HEARTS ADDRESS BOOK,1,6/15/2011 13:35:00,0.19,15036,United Kingdom,0.19
555841,20996,JAZZ HEARTS ADDRESS BOOK,1,6/7/2011 12:47:00,0.19,14583,United Kingdom,0.19
558441,20996,JAZZ HEARTS ADDRESS BOOK,1,6/29/2011 12:59:00,0.19,14606,United Kingdom,0.19
559921,20996,JAZZ HEARTS ADDRESS BOOK,1,7/13/2011 15:42:00,0.19,13667,United Kingdom,0.19
572318,20996,JAZZ HEARTS ADDRESS BOOK,1,10/23/2011 16:19:00,0.19,15436,United Kingdom,0.19
555841,20996,JAZZ HEARTS ADDRESS BOOK,1,6/7/2011 12:47:00,0.19,14583,United Kingdom,0.19
577315,20996,JAZZ HEARTS ADDRESS BOOK,1,11/18/2011 13:25:00,0.19,17811,United Kingdom,0.19
559921,20996,JAZZ HEARTS ADDRESS BOOK,1,7/13/2011 15:42:00,0.19,13667,United Kingdom,0.19
563328,20996,JAZZ HEARTS ADDRESS BOOK,1,8/15/2011 13:07:00,0.19,14606,United Kingdom,0.19
581469,22543,MINI JIGSAW BAKE A CAKE ,1,12/8/2011 19:28:00,0.19,14606,United Kingdom,0.19
581414,22539,MINI JIGSAW DOLLY GIRL,1,12/8/2011 14:39:00,0.19,14730,United Kingdom,0.19
580672,22546,MINI JIGSAW PURDEY,1,12/5/2011 14:29:00,0.19,17920,United Kingdom,0.19
581405,22544,MINI JIGSAW SPACEBOY,1,12/8/2011 13:50:00,0.19,13521,United Kingdom,0.19
581405,22343,PARTY PIZZA DISH RED RETROSPOT,1,12/8/2011 13:50:00,0.19,13521,United Kingdom,0.19
561874,37462E,"PET MUG, GOLDFISH",1,7/31/2011 12:02:00,0.19,16255,United Kingdom,0.19
581425,90089,PINK CRYSTAL SKULL PHONE CHARM,1,12/8/2011 15:31:00,0.19,14796,United Kingdom,0.19
527065,35607A,PINK FLUFFY CHRISTMAS DECORATION,1,10/14/2010 13:57:00,0.19,17751,United Kingdom,0.19
515569,35607A,PINK FLUFFY CHRISTMAS DECORATION,1,7/13/2010 12:33:00,0.19,14461,United Kingdom,0.19
498160,35607A,PINK FLUFFY CHRISTMAS DECORATION,1,2/17/2010 11:58:00,0.19,15911,United Kingdom,0.19
578045,79063D,"RETRO PILL BOX , REVOLUTIONARY",1,11/22/2011 14:43:00,0.19,17297,United Kingdom,0.19
578998,79063D,"RETRO PILL BOX , REVOLUTIONARY",1,11/27/2011 16:05:00,0.19,15436,United Kingdom,0.19
578954,79063D,"RETRO PILL BOX , REVOLUTIONARY",1,11/27/2011 15:02:00,0.19,15054,United Kingdom,0.19
578998,79063D,"RETRO PILL BOX , REVOLUTIONARY",1,11/27/2011 16:05:00,0.19,15436,United Kingdom,0.19
570410,79063D,"RETRO PILL BOX , REVOLUTIONARY",1,10/10/2011 13:04:00,0.19,16776,United Kingdom,0.19
578954,79063C,"RETRO PILL BOX KEY CHAIN,THE KING",1,11/27/2011 15:02:00,0.19,15054,United Kingdom,0.19
561661,79063C,"RETRO PILL BOX KEY CHAIN,THE KING",1,7/28/2011 16:21:00,0.19,12743,Unspecified,0.19
558711,79063C,"RETRO PILL BOX KEY CHAIN,THE KING",1,7/1/2011 13:05:00,0.19,15483,United Kingdom,0.19
578045,79063C,"RETRO PILL BOX KEY CHAIN,THE KING",1,11/22/2011 14:43:00,0.19,17297,United Kingdom,0.19
581405,79063C,"RETRO PILL BOX KEY CHAIN,THE KING",1,12/8/2011 13:50:00,0.19,13521,United Kingdom,0.19
559993,81953B,ROUND BLUE CLOCK WITH SUCKER,1,7/14/2011 12:42:00,0.19,14716,United Kingdom,0.19
559894,81953B,ROUND BLUE CLOCK WITH SUCKER,1,7/13/2011 12:06:00,0.19,14159,United Kingdom,0.19
560828,81952B,ROUND BLUE CLOCK WITH SUCKER,1,7/21/2011 11:55:00,0.19,14298,United Kingdom,0.19
560359,81953B,ROUND BLUE CLOCK WITH SUCKER,1,7/18/2011 11:47:00,0.19,14159,United Kingdom,0.19
569521,81952V,ROUND PURPLE CLOCK WITH SUCKER,1,10/4/2011 14:33:00,0.19,16474,United Kingdom,0.19
569521,81952V,ROUND PURPLE CLOCK WITH SUCKER,1,10/4/2011 14:33:00,0.19,16474,United Kingdom,0.19
572309,81952V,ROUND PURPLE CLOCK WITH SUCKER,1,10/23/2011 15:29:00,0.19,14432,United Kingdom,0.19
568183,81952V,ROUND PURPLE CLOCK WITH SUCKER,1,9/25/2011 13:47:00,0.19,13991,United Kingdom,0.19
568183,81952V,ROUND PURPLE CLOCK WITH SUCKER,1,9/25/2011 13:47:00,0.19,13991,United Kingdom,0.19
566730,85078,SCANDINAVIAN 3 HEARTS NAPKIN RING,1,9/14/2011 13:31:00,0.19,14606,United Kingdom,0.19
565329,85078,SCANDINAVIAN 3 HEARTS NAPKIN RING,1,9/2/2011 13:54:00,0.19,14606,United Kingdom,0.19
558707,21084,SET/6 COLLAGE PAPER CUPS,1,7/1/2011 12:58:00,0.19,12748,United Kingdom,0.19
570455,21084,SET/6 COLLAGE PAPER CUPS,1,10/10/2011 15:27:00,0.19,14529,United Kingdom,0.19
551983,21089,SET/6 GREEN SPRING PAPER CUPS,1,5/5/2011 14:32:00,0.19,17735,United Kingdom,0.19
549251,21087,SET/6 POSIES PAPER CUPS,1,4/7/2011 12:16:00,0.19,14449,United Kingdom,0.19
574714,35954,SMALL FOLKART STAR CHRISTMAS DEC,1,11/6/2011 14:29:00,0.19,15427,United Kingdom,0.19
570455,22338,STAR DECORATION PAINTED ZINC ,1,10/10/2011 15:27:00,0.19,14529,United Kingdom,0.19
577536,22338,STAR DECORATION PAINTED ZINC ,1,11/20/2011 14:14:00,0.19,15850,United Kingdom,0.19
580256,16258A,SWIRLY CIRCULAR RUBBERS IN BAG,1,12/2/2011 12:24:00,0.19,14688,United Kingdom,0.19
492593,16258A,SWIRLY CIRCULAR RUBBERS IN BAG,1,12/17/2009 15:44:00,0.19,15917,United Kingdom,0.19
573029,16011,ANIMAL STICKERS,1,10/27/2011 13:33:00,0.21,14971,United Kingdom,0.21
526268,16011,ANIMAL STICKERS,1,10/11/2010 10:58:00,0.21,14651,United Kingdom,0.21
494359,44234,ASSORTED CIRCULAR MOBILE,1,1/13/2010 15:24:00,0.21,17962,United Kingdom,0.21
511295,44234,ASSORTED CIRCULAR MOBILE,1,6/7/2010 15:05:00,0.21,15551,United Kingdom,0.21
565426,44234,ASSORTED CIRCULAR MOBILE,1,9/4/2011 12:41:00,0.21,12851,United Kingdom,0.21
581571,44234,ASSORTED CIRCULAR MOBILE,1,12/9/2011 12:00:00,0.21,15311,United Kingdom,0.21
522090,44234,ASSORTED CIRCULAR MOBILE,1,9/12/2010 12:46:00,0.21,16799,United Kingdom,0.21
558709,44234,ASSORTED CIRCULAR MOBILE,1,7/1/2011 13:02:00,0.21,17338,United Kingdom,0.21
494359,44234,ASSORTED CIRCULAR MOBILE,1,1/13/2010 15:24:00,0.21,17962,United Kingdom,0.21
504901,44234,ASSORTED CIRCULAR MOBILE,1,4/18/2010 15:34:00,0.21,16921,United Kingdom,0.21
494359,44234,ASSORTED CIRCULAR MOBILE,1,1/13/2010 15:24:00,0.21,17962,United Kingdom,0.21
565426,44234,ASSORTED CIRCULAR MOBILE,1,9/4/2011 12:41:00,0.21,12851,United Kingdom,0.21
491893,44234,ASSORTED CIRCULAR MOBILE,1,12/14/2009 15:17:00,0.21,16805,United Kingdom,0.21
580284,44234,ASSORTED CIRCULAR MOBILE,1,12/2/2011 13:21:00,0.21,15311,United Kingdom,0.21
565426,44234,ASSORTED CIRCULAR MOBILE,1,9/4/2011 12:41:00,0.21,12851,United Kingdom,0.21
515916,17096,ASSORTED LAQUERED INCENSE HOLDERS,1,7/15/2010 13:32:00,0.21,15542,United Kingdom,0.21
506556,17096,ASSORTED LAQUERED INCENSE HOLDERS,1,4/30/2010 11:28:00,0.21,14994,United Kingdom,0.21
506556,17096,ASSORTED LAQUERED INCENSE HOLDERS,1,4/30/2010 11:28:00,0.21,14994,United Kingdom,0.21
515916,17096,ASSORTED LAQUERED INCENSE HOLDERS,1,7/15/2010 13:32:00,0.21,15542,United Kingdom,0.21
511047,84270,ASSTD DESIGN BUBBLE GUM RING,1,6/6/2010 11:38:00,0.21,14573,United Kingdom,0.21
493974,17136A,BLUE STONES ON WIRE FOR CANDLE,1,1/10/2010 11:12:00,0.21,16787,United Kingdom,0.21
495921,17136A,BLUE STONES ON WIRE FOR CANDLE,1,1/27/2010 14:03:00,0.21,15311,United Kingdom,0.21
527344,84598,BOYS ALPHABET IRON ON PATCHES,1,10/15/2010 15:38:00,0.21,13069,United Kingdom,0.21
497501,17003,BROCADE RING PURSE ,1,2/10/2010 11:14:00,0.21,14606,United Kingdom,0.21
511970,17003,BROCADE RING PURSE ,1,6/11/2010 13:59:00,0.21,18022,United Kingdom,0.21
495193,17003,BROCADE RING PURSE ,1,1/21/2010 15:02:00,0.21,14606,United Kingdom,0.21
491435,17003,BROCADE RING PURSE ,1,12/11/2009 10:10:00,0.21,14606,United Kingdom,0.21
531435,17003,BROCADE RING PURSE ,1,11/8/2010 12:06:00,0.21,14688,United Kingdom,0.21
498389,17003,BROCADE RING PURSE ,1,2/18/2010 14:43:00,0.21,14606,United Kingdom,0.21
529981,21829,DINOSAUR KEYRINGS ASSORTED,1,10/31/2010 15:31:00,0.21,16686,United Kingdom,0.21
543397,21829,DINOSAUR KEYRINGS ASSORTED,1,2/8/2011 10:32:00,0.21,17859,United Kingdom,0.21
543306,21829,DINOSAUR KEYRINGS ASSORTED,1,2/7/2011 11:56:00,0.21,16686,United Kingdom,0.21
490613,21829,DINOSAUR KEYRINGS ASSORTED,1,12/7/2009 11:47:00,0.21,16768,United Kingdom,0.21
545996,21829,DINOSAUR KEYRINGS ASSORTED,1,3/8/2011 14:12:00,0.21,14367,United Kingdom,0.21
535464,10120,DOGGY RUBBER,1,11/26/2010 13:16:00,0.21,17999,United Kingdom,0.21
548309,10120,DOGGY RUBBER,1,3/30/2011 12:02:00,0.21,16657,United Kingdom,0.21
548309,10120,DOGGY RUBBER,1,3/30/2011 12:02:00,0.21,16657,United Kingdom,0.21
567462,10120,DOGGY RUBBER,1,9/20/2011 12:35:00,0.21,14446,United Kingdom,0.21
553202,10120,DOGGY RUBBER,1,5/15/2011 16:02:00,0.21,15854,United Kingdom,0.21
568702,10120,DOGGY RUBBER,1,9/28/2011 15:18:00,0.21,17950,United Kingdom,0.21
536863,10120,DOGGY RUBBER,1,12/3/2010 11:19:00,0.21,17967,United Kingdom,0.21
574049,10120,DOGGY RUBBER,1,11/2/2011 13:40:00,0.21,13316,United Kingdom,0.21
577855,10120,DOGGY RUBBER,1,11/22/2011 11:18:00,0.21,15877,United Kingdom,0.21
535427,10120,DOGGY RUBBER,1,11/26/2010 12:05:00,0.21,15872,United Kingdom,0.21
538205,10120,DOGGY RUBBER,1,12/10/2010 11:24:00,0.21,12748,United Kingdom,0.21
530810,10120,DOGGY RUBBER,1,11/4/2010 13:03:00,0.21,16327,United Kingdom,0.21
536863,10120,DOGGY RUBBER,1,12/3/2010 11:19:00,0.21,17967,United Kingdom,0.21
580515,16012,FOOD/DRINK SPONGE STICKERS,1,12/4/2011 14:09:00,0.21,17750,United Kingdom,0.21
498765,84568,GIRLS ALPHABET IRON ON PATCHES ,1,2/23/2010 9:37:00,0.21,12755,Japan,0.21
575767,84199,GLOW IN DARK DOLPHINS,1,11/11/2011 11:11:00,0.21,17348,United Kingdom,0.21
492820,84199,GLOW IN DARK DOLPHINS,1,12/20/2009 14:40:00,0.21,14404,United Kingdom,0.21
533510,84199,GLOW IN DARK DOLPHINS,1,11/17/2010 14:31:00,0.21,17987,United Kingdom,0.21
492659,84199,GLOW IN DARK DOLPHINS,1,12/17/2009 17:54:00,0.21,16720,United Kingdom,0.21
577855,84199,GLOW IN DARK DOLPHINS,1,11/22/2011 11:18:00,0.21,15877,United Kingdom,0.21
519600,84199,GLOW IN DARK DOLPHINS,1,8/18/2010 15:47:00,0.21,15353,United Kingdom,0.21
526906,84199,GLOW IN DARK DOLPHINS,1,10/13/2010 15:22:00,0.21,16120,United Kingdom,0.21
578531,84199,GLOW IN DARK DOLPHINS,1,11/24/2011 14:40:00,0.21,17364,United Kingdom,0.21
531440,84199,GLOW IN DARK DOLPHINS,1,11/8/2010 12:28:00,0.21,16470,United Kingdom,0.21
507838,84199,GLOW IN DARK DOLPHINS,1,5/11/2010 13:30:00,0.21,15034,United Kingdom,0.21
574530,84199,GLOW IN DARK DOLPHINS,1,11/4/2011 14:07:00,0.21,16887,United Kingdom,0.21
533510,84199,GLOW IN DARK DOLPHINS,1,11/17/2010 14:31:00,0.21,17987,United Kingdom,0.21
530115,84199,GLOW IN DARK DOLPHINS,1,11/1/2010 14:22:00,0.21,17190,United Kingdom,0.21
531440,84199,GLOW IN DARK DOLPHINS,1,11/8/2010 12:28:00,0.21,16470,United Kingdom,0.21
578993,84199,GLOW IN DARK DOLPHINS,1,11/27/2011 15:38:00,0.21,15987,United Kingdom,0.21
526891,84199,GLOW IN DARK DOLPHINS,1,10/13/2010 14:41:00,0.21,13832,United Kingdom,0.21
576077,84199,GLOW IN DARK DOLPHINS,1,11/13/2011 16:22:00,0.21,16720,United Kingdom,0.21
490362,84199,GLOW IN DARK DOLPHINS,1,12/4/2009 17:31:00,0.21,12748,United Kingdom,0.21
519600,84199,GLOW IN DARK DOLPHINS,1,8/18/2010 15:47:00,0.21,15353,United Kingdom,0.21
580639,84199,GLOW IN DARK DOLPHINS,1,12/5/2011 12:46:00,0.21,17254,United Kingdom,0.21
528694,84199,GLOW IN DARK DOLPHINS,1,10/24/2010 13:01:00,0.21,15059,United Kingdom,0.21
490323,84199,GLOW IN DARK DOLPHINS,1,12/4/2009 15:27:00,0.21,14087,United Kingdom,0.21
568702,84199,GLOW IN DARK DOLPHINS,1,9/28/2011 15:18:00,0.21,17950,United Kingdom,0.21
576077,84199,GLOW IN DARK DOLPHINS,1,11/13/2011 16:22:00,0.21,16720,United Kingdom,0.21
524508,84199,GLOW IN DARK DOLPHINS,1,9/29/2010 12:41:00,0.21,13770,United Kingdom,0.21
492593,16236,KITTY PENCIL ERASERS,1,12/17/2009 15:44:00,0.21,15917,United Kingdom,0.21
528477,16236,KITTY PENCIL ERASERS,1,10/22/2010 12:02:00,0.21,18022,United Kingdom,0.21
551956,16236,KITTY PENCIL ERASERS,1,5/5/2011 12:22:00,0.21,15021,United Kingdom,0.21
496301,16236,KITTY PENCIL ERASERS,1,1/31/2010 11:01:00,0.21,16718,United Kingdom,0.21
578147,16236,KITTY PENCIL ERASERS,1,11/23/2011 11:09:00,0.21,12748,United Kingdom,0.21
578153,16236,KITTY PENCIL ERASERS,1,11/23/2011 11:22:00,0.21,12748,United Kingdom,0.21
538205,16236,KITTY PENCIL ERASERS,1,12/10/2010 11:24:00,0.21,12748,United Kingdom,0.21
573396,16236,KITTY PENCIL ERASERS,1,10/30/2011 15:13:00,0.21,14723,United Kingdom,0.21
579145,16236,KITTY PENCIL ERASERS,1,11/28/2011 13:13:00,0.21,14597,United Kingdom,0.21
520877,16236,KITTY PENCIL ERASERS,1,8/31/2010 15:28:00,0.21,17346,United Kingdom,0.21
517743,16236,KITTY PENCIL ERASERS,1,8/1/2010 15:51:00,0.21,17984,United Kingdom,0.21
577296,16236,KITTY PENCIL ERASERS,1,11/18/2011 12:47:00,0.21,17286,United Kingdom,0.21
581310,16236,KITTY PENCIL ERASERS,1,12/8/2011 11:43:00,0.21,16442,United Kingdom,0.21
568702,16236,KITTY PENCIL ERASERS,1,9/28/2011 15:18:00,0.21,17950,United Kingdom,0.21
527890,16236,KITTY PENCIL ERASERS,1,10/19/2010 12:15:00,0.21,17365,United Kingdom,0.21
532369,16236,KITTY PENCIL ERASERS,1,11/11/2010 17:55:00,0.21,17862,United Kingdom,0.21
490693,16236,KITTY PENCIL ERASERS,1,12/7/2009 13:59:00,0.21,14670,United Kingdom,0.21
535464,16236,KITTY PENCIL ERASERS,1,11/26/2010 13:16:00,0.21,17999,United Kingdom,0.21
575767,16236,KITTY PENCIL ERASERS,1,11/11/2011 11:11:00,0.21,17348,United Kingdom,0.21
571909,16236,KITTY PENCIL ERASERS,1,10/19/2011 15:08:00,0.21,15006,United Kingdom,0.21
534066,16236,KITTY PENCIL ERASERS,1,11/21/2010 11:28:00,0.21,17920,United Kingdom,0.21
570445,16236,KITTY PENCIL ERASERS,1,10/10/2011 14:42:00,0.21,12748,United Kingdom,0.21
572743,16236,KITTY PENCIL ERASERS,1,10/25/2011 16:13:00,0.21,14482,United Kingdom,0.21
548309,16236,KITTY PENCIL ERASERS,1,3/30/2011 12:02:00,0.21,16657,United Kingdom,0.21
578255,16236,KITTY PENCIL ERASERS,1,11/23/2011 12:58:00,0.21,14675,United Kingdom,0.21
580678,16236,KITTY PENCIL ERASERS,1,12/5/2011 14:49:00,0.21,18015,United Kingdom,0.21
491712,16236,KITTY PENCIL ERASERS,1,12/13/2009 15:17:00,0.21,15562,United Kingdom,0.21
574351,16236,KITTY PENCIL ERASERS,1,11/4/2011 10:37:00,0.21,17348,United Kingdom,0.21
530437,M,Manual,1,11/3/2010 11:13:00,0.21,15915,United Kingdom,0.21
490300,M,Manual,1,12/4/2009 14:19:00,0.21,12970,United Kingdom,0.21
578147,16238,PARTY TIME PENCIL ERASERS,1,11/23/2011 11:09:00,0.21,12748,United Kingdom,0.21
581310,16238,PARTY TIME PENCIL ERASERS,1,12/8/2011 11:43:00,0.21,16442,United Kingdom,0.21
536987,16238,PARTY TIME PENCIL ERASERS,1,12/3/2010 14:54:00,0.21,17198,United Kingdom,0.21
528477,16238,PARTY TIME PENCIL ERASERS,1,10/22/2010 12:02:00,0.21,18022,United Kingdom,0.21
532369,16238,PARTY TIME PENCIL ERASERS,1,11/11/2010 17:55:00,0.21,17862,United Kingdom,0.21
536987,16238,PARTY TIME PENCIL ERASERS,1,12/3/2010 14:54:00,0.21,17198,United Kingdom,0.21
548309,16238,PARTY TIME PENCIL ERASERS,1,3/30/2011 12:02:00,0.21,16657,United Kingdom,0.21
570210,16238,PARTY TIME PENCIL ERASERS,1,10/9/2011 10:48:00,0.21,13259,United Kingdom,0.21
579145,16238,PARTY TIME PENCIL ERASERS,1,11/28/2011 13:13:00,0.21,14597,United Kingdom,0.21
579145,16238,PARTY TIME PENCIL ERASERS,1,11/28/2011 13:13:00,0.21,14597,United Kingdom,0.21
550298,16238,PARTY TIME PENCIL ERASERS,1,4/15/2011 16:11:00,0.21,17346,United Kingdom,0.21
578941,16238,PARTY TIME PENCIL ERASERS,1,11/27/2011 13:26:00,0.21,16024,United Kingdom,0.21
527890,16238,PARTY TIME PENCIL ERASERS,1,10/19/2010 12:15:00,0.21,17365,United Kingdom,0.21
560861,16238,PARTY TIME PENCIL ERASERS,1,7/21/2011 13:37:00,0.21,17660,United Kingdom,0.21
571909,16238,PARTY TIME PENCIL ERASERS,1,10/19/2011 15:08:00,0.21,15006,United Kingdom,0.21
580678,16238,PARTY TIME PENCIL ERASERS,1,12/5/2011 14:49:00,0.21,18015,United Kingdom,0.21
535464,16238,PARTY TIME PENCIL ERASERS,1,11/26/2010 13:16:00,0.21,17999,United Kingdom,0.21
580290,16238,PARTY TIME PENCIL ERASERS,1,12/2/2011 13:35:00,0.21,17221,United Kingdom,0.21
578941,16238,PARTY TIME PENCIL ERASERS,1,11/27/2011 13:26:00,0.21,16024,United Kingdom,0.21
551056,16235,RECYCLED PENCIL WITH RABBIT ERASER,1,4/26/2011 11:51:00,0.21,16442,United Kingdom,0.21
530437,16235,RECYCLED PENCIL WITH RABBIT ERASER,1,11/3/2010 11:13:00,0.21,15915,United Kingdom,0.21
573369,16235,RECYCLED PENCIL WITH RABBIT ERASER,1,10/30/2011 13:19:00,0.21,16049,United Kingdom,0.21
556915,16235,RECYCLED PENCIL WITH RABBIT ERASER,1,6/15/2011 13:35:00,0.21,15036,United Kingdom,0.21
533133,16235,RECYCLED PENCIL WITH RABBIT ERASER,1,11/16/2010 12:50:00,0.21,15850,United Kingdom,0.21
530437,16235,RECYCLED PENCIL WITH RABBIT ERASER,1,11/3/2010 11:13:00,0.21,15915,United Kingdom,0.21
489802,16235,RECYCLED PENCIL WITH RABBIT ERASER,1,12/2/2009 12:32:00,0.21,15581,United Kingdom,0.21
548309,16235,RECYCLED PENCIL WITH RABBIT ERASER,1,3/30/2011 12:02:00,0.21,16657,United Kingdom,0.21
505018,72708,SCULPTED ROUND IVORY CANDLE ,1,4/19/2010 14:08:00,0.21,15451,United Kingdom,0.21
545658,16237,SLEEPING CAT ERASERS,1,3/4/2011 14:13:00,0.21,14670,United Kingdom,0.21
494213,16237,SLEEPING CAT ERASERS,1,1/12/2010 11:40:00,0.21,17945,United Kingdom,0.21
535810,16237,SLEEPING CAT ERASERS,1,11/28/2010 15:14:00,0.21,16893,United Kingdom,0.21
577296,16237,SLEEPING CAT ERASERS,1,11/18/2011 12:47:00,0.21,17286,United Kingdom,0.21
533841,16237,SLEEPING CAT ERASERS,1,11/19/2010 11:12:00,0.21,17269,United Kingdom,0.21
578250,16237,SLEEPING CAT ERASERS,1,11/23/2011 12:43:00,0.21,15901,United Kingdom,0.21
536863,16237,SLEEPING CAT ERASERS,1,12/3/2010 11:19:00,0.21,17967,United Kingdom,0.21
535464,16237,SLEEPING CAT ERASERS,1,11/26/2010 13:16:00,0.21,17999,United Kingdom,0.21
545658,16237,SLEEPING CAT ERASERS,1,3/4/2011 14:13:00,0.21,14670,United Kingdom,0.21
576695,16237,SLEEPING CAT ERASERS,1,11/16/2011 12:25:00,0.21,16469,United Kingdom,0.21
571909,16237,SLEEPING CAT ERASERS,1,10/19/2011 15:08:00,0.21,15006,United Kingdom,0.21
489571,16237,SLEEPING CAT ERASERS,1,12/1/2009 13:29:00,0.21,15967,United Kingdom,0.21
574351,16237,SLEEPING CAT ERASERS,1,11/4/2011 10:37:00,0.21,17348,United Kingdom,0.21
580635,16237,SLEEPING CAT ERASERS,1,12/5/2011 12:30:00,0.21,14649,United Kingdom,0.21
536863,16237,SLEEPING CAT ERASERS,1,12/3/2010 11:19:00,0.21,17967,United Kingdom,0.21
578255,16237,SLEEPING CAT ERASERS,1,11/23/2011 12:58:00,0.21,14675,United Kingdom,0.21
522327,16237,SLEEPING CAT ERASERS,1,9/13/2010 16:15:00,0.21,18069,United Kingdom,0.21
578757,16237,SLEEPING CAT ERASERS,1,11/25/2011 11:41:00,0.21,12748,United Kingdom,0.21
543040,16237,SLEEPING CAT ERASERS,1,2/2/2011 17:06:00,0.21,17337,United Kingdom,0.21
579145,16237,SLEEPING CAT ERASERS,1,11/28/2011 13:13:00,0.21,14597,United Kingdom,0.21
576695,16237,SLEEPING CAT ERASERS,1,11/16/2011 12:25:00,0.21,16469,United Kingdom,0.21
534902,16237,SLEEPING CAT ERASERS,1,11/24/2010 15:09:00,0.21,17349,United Kingdom,0.21
499764,16237,SLEEPING CAT ERASERS,1,3/2/2010 13:09:00,0.21,17372,United Kingdom,0.21
522437,16237,SLEEPING CAT ERASERS,1,9/14/2010 13:56:00,0.21,17346,United Kingdom,0.21
566851,16237,SLEEPING CAT ERASERS,1,9/15/2011 12:16:00,0.21,15573,United Kingdom,0.21
536987,16237,SLEEPING CAT ERASERS,1,12/3/2010 14:54:00,0.21,17198,United Kingdom,0.21
526388,16237,SLEEPING CAT ERASERS,1,10/11/2010 12:52:00,0.21,17264,United Kingdom,0.21
545658,16237,SLEEPING CAT ERASERS,1,3/4/2011 14:13:00,0.21,14670,United Kingdom,0.21
578153,16237,SLEEPING CAT ERASERS,1,11/23/2011 11:22:00,0.21,12748,United Kingdom,0.21
501853,16237,SLEEPING CAT ERASERS,1,3/21/2010 11:07:00,0.21,16782,United Kingdom,0.21
528477,16237,SLEEPING CAT ERASERS,1,10/22/2010 12:02:00,0.21,18022,United Kingdom,0.21
541974,16237,SLEEPING CAT ERASERS,1,1/24/2011 14:16:00,0.21,14541,United Kingdom,0.21
537023,16237,SLEEPING CAT ERASERS,1,12/3/2010 16:02:00,0.21,16725,United Kingdom,0.21
562106,16237,SLEEPING CAT ERASERS,1,8/2/2011 15:19:00,0.21,14076,United Kingdom,0.21
522281,16237,SLEEPING CAT ERASERS,1,9/13/2010 12:56:00,0.21,16374,United Kingdom,0.21
530810,16237,SLEEPING CAT ERASERS,1,11/4/2010 13:03:00,0.21,16327,United Kingdom,0.21
536987,16237,SLEEPING CAT ERASERS,1,12/3/2010 14:54:00,0.21,17198,United Kingdom,0.21
572103,16237,SLEEPING CAT ERASERS,1,10/20/2011 15:57:00,0.21,17571,United Kingdom,0.21
579103,16237,SLEEPING CAT ERASERS,1,11/28/2011 11:39:00,0.21,18041,United Kingdom,0.21
535324,16237,SLEEPING CAT ERASERS,1,11/25/2010 15:26:00,0.21,14482,United Kingdom,0.21
505067,16237,SLEEPING CAT ERASERS,1,4/19/2010 16:48:00,0.21,14606,United Kingdom,0.21
548309,16237,SLEEPING CAT ERASERS,1,3/30/2011 12:02:00,0.21,16657,United Kingdom,0.21
538205,16237,SLEEPING CAT ERASERS,1,12/10/2010 11:24:00,0.21,12748,United Kingdom,0.21
581473,16237,SLEEPING CAT ERASERS,1,12/8/2011 19:57:00,0.21,12748,United Kingdom,0.21
530437,16237,SLEEPING CAT ERASERS,1,11/3/2010 11:13:00,0.21,15915,United Kingdom,0.21
517555,16237,SLEEPING CAT ERASERS,1,7/29/2010 19:18:00,0.21,15998,United Kingdom,0.21
537023,16237,SLEEPING CAT ERASERS,1,12/3/2010 16:02:00,0.21,16725,United Kingdom,0.21
574100,16237,SLEEPING CAT ERASERS,1,11/3/2011 10:13:00,0.21,14098,United Kingdom,0.21
580256,16237,SLEEPING CAT ERASERS,1,12/2/2011 12:24:00,0.21,14688,United Kingdom,0.21
580678,16237,SLEEPING CAT ERASERS,1,12/5/2011 14:49:00,0.21,18015,United Kingdom,0.21
580876,22755,SMALL PURPLE BABUSHKA NOTEBOOK ,1,12/6/2011 12:12:00,0.21,14071,United Kingdom,0.21
580284,22755,SMALL PURPLE BABUSHKA NOTEBOOK ,1,12/2/2011 13:21:00,0.21,15311,United Kingdom,0.21
580999,22755,SMALL PURPLE BABUSHKA NOTEBOOK ,1,12/6/2011 17:49:00,0.21,17883,United Kingdom,0.21
581193,22755,SMALL PURPLE BABUSHKA NOTEBOOK ,1,12/7/2011 17:05:00,0.21,17097,Spain,0.21
580640,22755,SMALL PURPLE BABUSHKA NOTEBOOK ,1,12/5/2011 12:51:00,0.21,16910,United Kingdom,0.21
580640,22754,SMALL RED BABUSHKA NOTEBOOK ,1,12/5/2011 12:51:00,0.21,16910,United Kingdom,0.21
580876,22754,SMALL RED BABUSHKA NOTEBOOK ,1,12/6/2011 12:12:00,0.21,14071,United Kingdom,0.21
581193,22754,SMALL RED BABUSHKA NOTEBOOK ,1,12/7/2011 17:05:00,0.21,17097,Spain,0.21
581405,22754,SMALL RED BABUSHKA NOTEBOOK ,1,12/8/2011 13:50:00,0.21,13521,United Kingdom,0.21
580999,22754,SMALL RED BABUSHKA NOTEBOOK ,1,12/6/2011 17:49:00,0.21,17883,United Kingdom,0.21
580611,22754,SMALL RED BABUSHKA NOTEBOOK ,1,12/5/2011 11:49:00,0.21,12748,United Kingdom,0.21
581467,22754,SMALL RED BABUSHKA NOTEBOOK ,1,12/8/2011 19:24:00,0.21,13077,United Kingdom,0.21
581395,22753,SMALL YELLOW BABUSHKA NOTEBOOK ,1,12/8/2011 13:18:00,0.21,16892,United Kingdom,0.21
580876,22753,SMALL YELLOW BABUSHKA NOTEBOOK ,1,12/6/2011 12:12:00,0.21,14071,United Kingdom,0.21
580640,22753,SMALL YELLOW BABUSHKA NOTEBOOK ,1,12/5/2011 12:51:00,0.21,16910,United Kingdom,0.21
581193,22753,SMALL YELLOW BABUSHKA NOTEBOOK ,1,12/7/2011 17:05:00,0.21,17097,Spain,0.21
502841,84077,WORLD WAR 2 GLIDERS ASSTD DESIGNS,1,3/28/2010 13:21:00,0.21,18283,United Kingdom,0.21
503956,84077,WORLD WAR 2 GLIDERS ASSTD DESIGNS,1,4/8/2010 16:45:00,0.21,13443,United Kingdom,0.21
518769,84077,WORLD WAR 2 GLIDERS ASSTD DESIGNS,1,8/11/2010 15:13:00,0.21,14736,United Kingdom,0.21
569474,21403,BLUE EGG  SPOON,2,10/4/2011 12:39:00,0.12,14178,United Kingdom,0.24
559525,21403,BLUE EGG  SPOON,2,7/10/2011 10:30:00,0.12,16923,United Kingdom,0.24
558709,21403,BLUE EGG  SPOON,2,7/1/2011 13:02:00,0.12,17338,United Kingdom,0.24
576592,21401,BLUE PUDDING SPOON,2,11/15/2011 14:47:00,0.12,13614,United Kingdom,0.24
535810,20668,DISCO BALL CHRISTMAS DECORATION,2,11/28/2010 15:14:00,0.12,16893,United Kingdom,0.24
502363,20668,DISCO BALL CHRISTMAS DECORATION,2,3/24/2010 11:19:00,0.12,14606,United Kingdom,0.24
499220,20668,DISCO BALL CHRISTMAS DECORATION,2,2/25/2010 11:32:00,0.12,14606,United Kingdom,0.24
494644,16010,FOLDING CAMPING SCISSOR W/KNIF & S,2,1/17/2010 12:12:00,0.12,16595,United Kingdom,0.24
565426,85204,HANGING WOOD AND FELT FLOWER,2,9/4/2011 12:41:00,0.12,12851,United Kingdom,0.24
556916,47518F,ICON PLACEMAT POP ART ELVIS,2,6/15/2011 13:35:00,0.12,16898,United Kingdom,0.24
579399,47518F,ICON PLACEMAT POP ART ELVIS,2,11/29/2011 12:09:00,0.12,13137,United Kingdom,0.24
571909,16054,POPART RECT PENCIL SHARPENER ASST,2,10/19/2011 15:08:00,0.12,15006,United Kingdom,0.24
563893,16054,POPART RECT PENCIL SHARPENER ASST,2,8/19/2011 17:10:00,0.12,16330,United Kingdom,0.24
574258,16054,POPART RECT PENCIL SHARPENER ASST,2,11/3/2011 13:50:00,0.12,16891,United Kingdom,0.24
567156,16054,POPART RECT PENCIL SHARPENER ASST,2,9/16/2011 17:05:00,0.12,14462,United Kingdom,0.24
576592,21402,RED  EGG  SPOON,2,11/15/2011 14:47:00,0.12,13614,United Kingdom,0.24
569474,21402,RED  EGG  SPOON,2,10/4/2011 12:39:00,0.12,14178,United Kingdom,0.24
555560,21400,RED PUDDING SPOON,2,6/5/2011 14:20:00,0.12,17346,United Kingdom,0.24
560203,16008,SMALL FOLDING SCISSOR(POINTED EDGE),2,7/15/2011 13:13:00,0.12,15311,United Kingdom,0.24
560555,16008,SMALL FOLDING SCISSOR(POINTED EDGE),2,7/19/2011 13:01:00,0.12,14178,United Kingdom,0.24
563580,16008,SMALL FOLDING SCISSOR(POINTED EDGE),2,8/17/2011 15:53:00,0.12,16706,United Kingdom,0.24
576463,16048,TEATIME ROUND PENCIL SHARPENER ,2,11/15/2011 11:37:00,0.12,17974,United Kingdom,0.24
571909,16048,TEATIME ROUND PENCIL SHARPENER ,2,10/19/2011 15:08:00,0.12,15006,United Kingdom,0.24
580884,22422,TOOTHPASTE TUBE PEN,2,12/6/2011 12:21:00,0.12,15907,United Kingdom,0.24
534887,16008,SMALL FOLDING SCISSOR(POINTED EDGE),1,11/24/2010 14:55:00,0.25,16903,United Kingdom,0.25
557250,16008,SMALL FOLDING SCISSOR(POINTED EDGE),1,6/17/2011 15:59:00,0.25,12748,United Kingdom,0.25
503972,16050,TEATIME PENCIL WITH RUBBER,1,4/8/2010 17:44:00,0.25,17180,United Kingdom,0.25
489640,15034,PAPER POCKET TRAVELING FAN ,2,12/1/2009 16:17:00,0.14,17345,United Kingdom,0.28
495389,15034,PAPER POCKET TRAVELING FAN ,2,1/24/2010 15:14:00,0.14,14044,United Kingdom,0.28
509529,15034,PAPER POCKET TRAVELING FAN ,2,5/24/2010 11:47:00,0.14,14710,United Kingdom,0.28
566851,20984,12 PENCILS TALL TUBE POSY,1,9/15/2011 12:16:00,0.29,15573,United Kingdom,0.29
569714,20984,12 PENCILS TALL TUBE POSY,1,10/5/2011 17:28:00,0.29,18033,United Kingdom,0.29
568709,20984,12 PENCILS TALL TUBE POSY,1,9/28/2011 15:42:00,0.29,15036,United Kingdom,0.29
562711,20984,12 PENCILS TALL TUBE POSY,1,8/8/2011 14:53:00,0.29,16788,United Kingdom,0.29
561320,20984,12 PENCILS TALL TUBE POSY,1,7/26/2011 12:57:00,0.29,16942,United Kingdom,0.29
570455,20984,12 PENCILS TALL TUBE POSY,1,10/10/2011 15:27:00,0.29,14529,United Kingdom,0.29
571429,20984,12 PENCILS TALL TUBE POSY,1,10/17/2011 12:50:00,0.29,15335,United Kingdom,0.29
559921,20984,12 PENCILS TALL TUBE POSY,1,7/13/2011 15:42:00,0.29,13667,United Kingdom,0.29
568709,20984,12 PENCILS TALL TUBE POSY,1,9/28/2011 15:42:00,0.29,15036,United Kingdom,0.29
566734,20984,12 PENCILS TALL TUBE POSY,1,9/14/2011 14:09:00,0.29,16910,United Kingdom,0.29
559898,20984,12 PENCILS TALL TUBE POSY,1,7/13/2011 12:18:00,0.29,16225,United Kingdom,0.29
579408,21642,ASSORTED TUTTI FRUTTI PEN,1,11/29/2011 12:34:00,0.29,14701,United Kingdom,0.29
578515,21642,ASSORTED TUTTI FRUTTI PEN,1,11/24/2011 13:40:00,0.29,16885,United Kingdom,0.29
574258,21642,ASSORTED TUTTI FRUTTI PEN,1,11/3/2011 13:50:00,0.29,16891,United Kingdom,0.29
573915,21642,ASSORTED TUTTI FRUTTI PEN,1,11/1/2011 15:55:00,0.29,15511,United Kingdom,0.29
574258,21642,ASSORTED TUTTI FRUTTI PEN,1,11/3/2011 13:50:00,0.29,16891,United Kingdom,0.29
514471,35095A,BLUE VICTORIAN FABRIC OVAL BOX,1,7/2/2010 13:25:00,0.29,12748,United Kingdom,0.29
498389,17033,"BROCADE PURSE,SMALL ARCH BUTTON",1,2/18/2010 14:43:00,0.29,14606,United Kingdom,0.29
504555,17033,"BROCADE PURSE,SMALL ARCH BUTTON",1,4/14/2010 13:39:00,0.29,13561,United Kingdom,0.29
490403,17033,"BROCADE PURSE,SMALL ARCH BUTTON",1,12/6/2009 11:13:00,0.29,17920,United Kingdom,0.29
507376,17033,"BROCADE PURSE,SMALL ARCH BUTTON",1,5/9/2010 11:29:00,0.29,13979,United Kingdom,0.29
500022,17033,"BROCADE PURSE,SMALL ARCH BUTTON",1,3/4/2010 10:46:00,0.29,14097,United Kingdom,0.29
560911,17003,BROCADE RING PURSE ,1,7/21/2011 18:00:00,0.29,17961,United Kingdom,0.29
564342,17003,BROCADE RING PURSE ,1,8/24/2011 14:53:00,0.29,16340,United Kingdom,0.29
554491,17003,BROCADE RING PURSE ,1,5/24/2011 13:50:00,0.29,14606,United Kingdom,0.29
549720,17003,BROCADE RING PURSE ,1,4/11/2011 15:25:00,0.29,14606,United Kingdom,0.29
544330,17003,BROCADE RING PURSE ,1,2/17/2011 16:59:00,0.29,17576,United Kingdom,0.29
548198,47593A,CAROUSEL PONIES BABY BIB,1,3/29/2011 16:05:00,0.29,16712,United Kingdom,0.29
574714,22599,CHRISTMAS MUSICAL ZINC STAR,1,11/6/2011 14:29:00,0.29,15427,United Kingdom,0.29
570423,22599,CHRISTMAS MUSICAL ZINC STAR,1,10/10/2011 13:38:00,0.29,14451,United Kingdom,0.29
574703,22598,CHRISTMAS MUSICAL ZINC TREE,1,11/6/2011 13:59:00,0.29,15426,United Kingdom,0.29
570423,22598,CHRISTMAS MUSICAL ZINC TREE,1,10/10/2011 13:38:00,0.29,14451,United Kingdom,0.29
570423,22598,CHRISTMAS MUSICAL ZINC TREE,1,10/10/2011 13:38:00,0.29,14451,United Kingdom,0.29
574714,22598,CHRISTMAS MUSICAL ZINC TREE,1,11/6/2011 14:29:00,0.29,15427,United Kingdom,0.29
542745,85230B,CINNAMON SCENTED VOTIVE CANDLE,1,1/31/2011 16:47:00,0.29,15881,United Kingdom,0.29
580884,21015,DARK BIRD HOUSE TREE DECORATION,1,12/6/2011 12:21:00,0.29,15907,United Kingdom,0.29
576615,21015,DARK BIRD HOUSE TREE DECORATION,1,11/15/2011 16:42:00,0.29,17231,United Kingdom,0.29
571684,21015,DARK BIRD HOUSE TREE DECORATION,1,10/18/2011 14:11:00,0.29,16730,United Kingdom,0.29
575895,21015,DARK BIRD HOUSE TREE DECORATION,1,11/11/2011 14:50:00,0.29,17052,United Kingdom,0.29
576784,21015,DARK BIRD HOUSE TREE DECORATION,1,11/16/2011 13:40:00,0.29,16204,United Kingdom,0.29
575336,21015,DARK BIRD HOUSE TREE DECORATION,1,11/9/2011 13:58:00,0.29,14968,United Kingdom,0.29
580504,21015,DARK BIRD HOUSE TREE DECORATION,1,12/4/2011 13:32:00,0.29,17936,United Kingdom,0.29
558709,15030,FAN BLACK FRAME ,1,7/1/2011 13:02:00,0.29,17338,United Kingdom,0.29
559894,81950B,FLOWER BLUE CLOCK WITH SUCKER,1,7/13/2011 12:06:00,0.29,14159,United Kingdom,0.29
559894,81950B,FLOWER BLUE CLOCK WITH SUCKER,1,7/13/2011 12:06:00,0.29,14159,United Kingdom,0.29
561900,81950B,FLOWER BLUE CLOCK WITH SUCKER,1,7/31/2011 15:31:00,0.29,16655,United Kingdom,0.29
559894,81950V,FLOWER PURPLE CLOCK WITH SUCKER,1,7/13/2011 12:06:00,0.29,14159,United Kingdom,0.29
559894,81950V,FLOWER PURPLE CLOCK WITH SUCKER,1,7/13/2011 12:06:00,0.29,14159,United Kingdom,0.29
573094,23187,FRENCH STYLE STORAGE JAR BONBONS,1,10/27/2011 14:39:00,0.29,15707,United Kingdom,0.29
559665,23186,FRENCH STYLE STORAGE JAR CAFE ,1,7/11/2011 13:35:00,0.29,12556,Spain,0.29
578953,22230,JIGSAW TREE WITH WATERING CAN,1,11/27/2011 14:50:00,0.29,13546,United Kingdom,0.29
570246,22230,JIGSAW TREE WITH WATERING CAN,1,10/9/2011 16:22:00,0.29,16921,United Kingdom,0.29
573369,22230,JIGSAW TREE WITH WATERING CAN,1,10/30/2011 13:19:00,0.29,16049,United Kingdom,0.29
579520,22230,JIGSAW TREE WITH WATERING CAN,1,11/29/2011 18:14:00,0.29,12748,United Kingdom,0.29
569897,22230,JIGSAW TREE WITH WATERING CAN,1,10/6/2011 16:01:00,0.29,17813,United Kingdom,0.29
562878,22230,JIGSAW TREE WITH WATERING CAN,1,8/10/2011 10:45:00,0.29,16241,United Kingdom,0.29
575117,22230,JIGSAW TREE WITH WATERING CAN,1,11/8/2011 14:22:00,0.29,12748,United Kingdom,0.29
579520,22230,JIGSAW TREE WITH WATERING CAN,1,11/29/2011 18:14:00,0.29,12748,United Kingdom,0.29
563909,22230,JIGSAW TREE WITH WATERING CAN,1,8/21/2011 12:36:00,0.29,15701,United Kingdom,0.29
581467,90214C,"LETTER ""C"" BLING KEY RING",1,12/8/2011 19:24:00,0.29,13077,United Kingdom,0.29
581191,90214C,"LETTER ""C"" BLING KEY RING",1,12/7/2011 16:56:00,0.29,17449,United Kingdom,0.29
581405,90214E,"LETTER ""E"" BLING KEY RING",1,12/8/2011 13:50:00,0.29,13521,United Kingdom,0.29
581173,90214F,"LETTER ""F"" BLING KEY RING",1,12/7/2011 15:07:00,0.29,17870,United Kingdom,0.29
581173,90214G,"LETTER ""G"" BLING KEY RING",1,12/7/2011 15:07:00,0.29,17870,United Kingdom,0.29
581191,90214H,"LETTER ""H"" BLING KEY RING",1,12/7/2011 16:56:00,0.29,17449,United Kingdom,0.29
581405,90214I,"LETTER ""I"" BLING KEY RING",1,12/8/2011 13:50:00,0.29,13521,United Kingdom,0.29
581425,90214K,"LETTER ""K"" BLING KEY RING",1,12/8/2011 15:31:00,0.29,14796,United Kingdom,0.29
581425,90214N,"LETTER ""N"" BLING KEY RING",1,12/8/2011 15:31:00,0.29,14796,United Kingdom,0.29